,error
1.1.1.109,'__values__'
1.1.1.128,'__values__'
1.1.1.139,'__values__'
1.1.1.155,'__values__'
1.1.1.158,'__values__'
1.1.1.161,'__values__'
1.1.1.171,'__values__'
1.1.1.180,'__values__'
1.1.1.182,'__values__'
1.1.1.204,'__values__'
1.1.1.222,'__values__'
1.1.1.242,'__values__'
1.1.1.246,'__values__'
1.1.1.249,'__values__'
1.1.1.253,'__values__'
1.1.1.293,'__values__'
1.1.1.314,'__values__'
1.1.1.341,'__values__'
1.1.1.420,'__values__'
1.1.1.421,'__values__'
1.1.1.5,'__values__'
1.1.1.63,'__values__'
1.1.1.68,'__values__'
1.1.1.70,'__values__'
1.1.1.74,'__values__'
1.1.1.89,'__values__'
1.1.1.B61,'__values__'
1.1.2.1,'__values__'
1.1.2.10,'__values__'
1.1.3.1,'__values__'
1.1.3.22,'__values__'
1.1.3.24,'__values__'
1.1.3.25,'__values__'
1.1.3.26,'__values__'
1.1.3.3,'__values__'
1.1.3.31,'__values__'
1.1.3.32,'__values__'
1.1.3.33,'__values__'
1.1.3.34,'__values__'
1.1.3.35,'__values__'
1.1.3.36,'__values__'
1.1.4.1,'__values__'
1.1.4.2,'__values__'
1.1.4.B1,'__values__'
1.1.5.1,'__values__'
1.1.5.6,'__values__'
1.1.98.1,'__values__'
1.1.99.10,'__values__'
1.1.99.15,'__values__'
1.1.99.16,'__values__'
1.1.99.17,'__values__'
1.1.99.19,'__values__'
1.1.99.23,'__values__'
1.1.99.25,'__values__'
1.1.99.33,'__values__'
1.1.99.34,'__values__'
1.1.99.5,'__values__'
1.1.99.8,'__values__'
1.10.2.2,'__values__'
1.10.3.10,'__values__'
1.10.3.13,'__values__'
1.10.3.14,'__values__'
1.10.3.17,'__values__'
1.10.3.7,'__values__'
1.10.3.8,'__values__'
1.10.9.1,'__values__'
1.10.99.1,'__values__'
1.10.99.2,'__values__'
1.10.99.3,'__values__'
1.11.1.15,'__values__'
1.11.1.4,'__values__'
1.12.1.1,'__values__'
1.12.7.1,'__values__'
1.12.99.1,'__values__'
1.12.99.2,'__values__'
1.12.99.3,'__values__'
1.12.99.4,'__values__'
1.12.99.5,'__values__'
1.13.11.13,'__values__'
1.13.11.21,'__values__'
1.13.11.42,'__values__'
1.13.11.44,'__values__'
1.13.11.7,'__values__'
1.13.11.82,'__values__'
1.13.12.10,'__values__'
1.13.12.11,'__values__'
1.13.12.12,'__values__'
1.13.12.14,'__values__'
1.13.99.2,'__values__'
1.13.99.4,'__values__'
1.13.99.5,'__values__'
1.14.11.14,'__values__'
1.14.11.19,'__values__'
1.14.11.22,'__values__'
1.14.11.23,'__values__'
1.14.11.34,'__values__'
1.14.11.5,'__values__'
1.14.11.50,'__values__'
1.14.11.70,'__values__'
1.14.11.71,'__values__'
1.14.11.B3,'__values__'
1.14.12.2,'__values__'
1.14.12.20,'__values__'
1.14.12.21,'__values__'
1.14.12.4,'__values__'
1.14.12.5,'__values__'
1.14.12.6,'__values__'
1.14.13.100,'__values__'
1.14.13.102,'__values__'
1.14.13.103,'__values__'
1.14.13.108,'__values__'
1.14.13.109,'__values__'
1.14.13.11,'__values__'
1.14.13.110,'__values__'
1.14.13.112,'__values__'
1.14.13.115,'__values__'
1.14.13.117,'__values__'
1.14.13.118,'__values__'
1.14.13.119,'__values__'
1.14.13.12,'__values__'
1.14.13.123,'__values__'
1.14.13.124,'__values__'
1.14.13.125,'__values__'
1.14.13.126,'__values__'
1.14.13.129,'__values__'
1.14.13.13,'__values__'
1.14.13.132,'__values__'
1.14.13.133,'__values__'
1.14.13.134,'__values__'
1.14.13.136,'__values__'
1.14.13.137,'__values__'
1.14.13.138,'__values__'
1.14.13.139,'__values__'
1.14.13.140,'__values__'
1.14.13.141,'__values__'
1.14.13.142,'__values__'
1.14.13.143,'__values__'
1.14.13.144,'__values__'
1.14.13.145,'__values__'
1.14.13.15,'__values__'
1.14.13.150,'__values__'
1.14.13.151,'__values__'
1.14.13.152,'__values__'
1.14.13.157,'__values__'
1.14.13.159,'__values__'
1.14.13.162,'__values__'
1.14.13.169,'__values__'
1.14.13.17,'__values__'
1.14.13.173,'__values__'
1.14.13.174,'__values__'
1.14.13.175,'__values__'
1.14.13.176,'__values__'
1.14.13.177,'__values__'
1.14.13.186,'__values__'
1.14.13.188,'__values__'
1.14.13.191,'__values__'
1.14.13.192,'__values__'
1.14.13.193,'__values__'
1.14.13.194,'__values__'
1.14.13.197,'__values__'
1.14.13.198,'__values__'
1.14.13.199,'__values__'
1.14.13.201,'__values__'
1.14.13.203,'__values__'
1.14.13.204,'__values__'
1.14.13.205,'__values__'
1.14.13.206,'__values__'
1.14.13.207,'__values__'
1.14.13.21,'__values__'
1.14.13.213,'__values__'
1.14.13.214,'__values__'
1.14.13.221,'__values__'
1.14.13.247,'__values__'
1.14.13.26,'__values__'
1.14.13.28,'__values__'
1.14.13.3,'__values__'
1.14.13.30,'__values__'
1.14.13.36,'__values__'
1.14.13.37,'__values__'
1.14.13.41,'__values__'
1.14.13.42,'__values__'
1.14.13.45,'__values__'
1.14.13.48,'__values__'
1.14.13.49,'__values__'
1.14.13.52,'__values__'
1.14.13.55,'__values__'
1.14.13.56,'__values__'
1.14.13.57,'__values__'
1.14.13.60,'__values__'
1.14.13.65,'__values__'
1.14.13.67,'__values__'
1.14.13.68,'__values__'
1.14.13.72,'__values__'
1.14.13.73,'__values__'
1.14.13.74,'__values__'
1.14.13.76,'__values__'
1.14.13.77,'__values__'
1.14.13.78,'__values__'
1.14.13.80,'__values__'
1.14.13.85,'__values__'
1.14.13.86,'__values__'
1.14.13.87,'__values__'
1.14.13.88,'__values__'
1.14.13.90,'__values__'
1.14.13.91,'__values__'
1.14.13.93,'__values__'
1.14.13.94,'__values__'
1.14.13.95,'__values__'
1.14.13.96,'__values__'
1.14.13.97,'__values__'
1.14.13.98,'__values__'
1.14.13.99,'__values__'
1.14.13.B1,'__values__'
1.14.13.B14,'__values__'
1.14.13.B30,'__values__'
1.14.14.140,'__values__'
1.14.14.2,'__values__'
1.14.14.4,'__values__'
1.14.14.6,'__values__'
1.14.14.62,'__values__'
1.14.14.7,'__values__'
1.14.15.12,'__values__'
1.14.15.2,'__values__'
1.14.15.32,'__values__'
1.14.17.2,'__values__'
1.14.18.7,'__values__'
1.14.20.2,'__values__'
1.14.21.10,'__values__'
1.14.21.11,'__values__'
1.14.21.12,'__values__'
1.14.21.3,'__values__'
1.14.21.5,'__values__'
1.14.21.6,'__values__'
1.14.21.7,'__values__'
1.14.21.8,'__values__'
1.14.21.B1,'__values__'
1.14.99.10,'__values__'
1.14.99.13,'__values__'
1.14.99.16,'__values__'
1.14.99.17,'__values__'
1.14.99.18,'__values__'
1.14.99.25,'__values__'
1.14.99.27,'__values__'
1.14.99.28,'__values__'
1.14.99.3,'__values__'
1.14.99.30,'__values__'
1.14.99.31,'__values__'
1.14.99.32,'__values__'
1.14.99.33,'__values__'
1.14.99.36,'__values__'
1.14.99.41,'__values__'
1.14.99.42,'__values__'
1.14.99.43,'__values__'
1.14.99.45,'__values__'
1.14.99.49,'__values__'
1.14.99.5,'__values__'
1.14.99.6,'__values__'
1.14.99.7,'__values__'
1.14.99.8,'__values__'
1.14.99.9,'__values__'
1.14.99.B4,'__values__'
1.16.5.1,'__values__'
1.16.8.1,'__values__'
1.16.98.1,'__values__'
1.17.1.2,'__values__'
1.17.1.6,'__values__'
1.17.1.7,'__values__'
1.17.4.3,'__values__'
1.17.98.1,'__values__'
1.17.99.1,'__values__'
1.17.99.5,'__values__'
1.18.1.8,'__values__'
1.18.3.1,'__values__'
1.18.96.1,'__values__'
1.18.99.1,'__values__'
1.2.1.1,'__values__'
1.2.1.103,'__values__'
1.2.1.14,'__values__'
1.2.1.2,'__values__'
1.2.1.34,'__values__'
1.2.1.35,'__values__'
1.2.1.37,'__values__'
1.2.1.40,'__values__'
1.2.1.43,'__values__'
1.2.1.45,'__values__'
1.2.1.55,'__values__'
1.2.1.56,'__values__'
1.2.1.6,'__values__'
1.2.1.66,'__values__'
1.2.1.93,'__values__'
1.2.2.2,'__values__'
1.2.2.3,'__values__'
1.2.3.10,'__values__'
1.2.3.11,'__values__'
1.2.3.12,'__values__'
1.2.3.2,'__values__'
1.2.4.3,'__values__'
1.2.7.2,'__values__'
1.2.7.9,'__values__'
1.2.99.1,'__values__'
1.2.99.2,'__values__'
1.2.99.3,'__values__'
1.2.99.4,'__values__'
1.2.99.5,'__values__'
1.2.99.9,'__values__'
1.20.98.1,'__values__'
1.21.3.9,'__values__'
1.21.99.2,'__values__'
1.22.1.1,'__values__'
1.3.1.121,'__values__'
1.3.1.122,'__values__'
1.3.1.123,'__values__'
1.3.1.23,'__values__'
1.3.1.26,'__values__'
1.3.1.30,'__values__'
1.3.1.35,'__values__'
1.3.1.4,'__values__'
1.3.1.50,'__values__'
1.3.1.52,'__values__'
1.3.1.55,'__values__'
1.3.1.59,'__values__'
1.3.1.61,'__values__'
1.3.1.63,'__values__'
1.3.1.80,'__values__'
1.3.1.99,'__values__'
1.3.2.1,'__values__'
1.3.2.2,'__values__'
1.3.3.1,'__values__'
1.3.3.2,'__values__'
1.3.7.10,'__values__'
1.3.8.15,'__values__'
1.3.98.2,'__values__'
1.3.99.1,'__values__'
1.3.99.10,'__values__'
1.3.99.11,'__values__'
1.3.99.13,'__values__'
1.3.99.15,'__values__'
1.3.99.2,'__values__'
1.3.99.20,'__values__'
1.3.99.21,'__values__'
1.3.99.22,'__values__'
1.3.99.3,'__values__'
1.3.99.34,'__values__'
1.3.99.35,'__values__'
1.3.99.36,'__values__'
1.3.99.7,'__values__'
1.3.99.9,'__values__'
1.4.1.26,'__values__'
1.4.1.6,'__values__'
1.4.3.17,'__values__'
1.4.3.18,'__values__'
1.4.3.6,'__values__'
1.4.3.9,'__values__'
1.4.4.1,'__values__'
1.4.98.1,'__values__'
1.4.99.1,'__values__'
1.4.99.3,'__values__'
1.4.99.4,'__values__'
1.5.1.12,'__values__'
1.5.1.13,'__values__'
1.5.1.14,'__values__'
1.5.1.29,'__values__'
1.5.1.35,'__values__'
1.5.1.4,'__values__'
1.5.3.11,'__values__'
1.5.3.20,'__values__'
1.5.3.3,'__values__'
1.5.3.8,'__values__'
1.5.3.9,'__values__'
1.5.99.1,'__values__'
1.5.99.10,'__values__'
1.5.99.11,'__values__'
1.5.99.2,'__values__'
1.5.99.7,'__values__'
1.5.99.8,'__values__'
1.5.99.9,'__values__'
1.6.1.5,'__values__'
1.6.2.1,'__values__'
1.6.2.3,'__values__'
1.6.4.1,'__values__'
1.6.4.10,'__values__'
1.6.4.2,'__values__'
1.6.4.3,'__values__'
1.6.4.4,'__values__'
1.6.4.5,'__values__'
1.6.4.6,'__values__'
1.6.4.7,'__values__'
1.6.4.8,'__values__'
1.6.4.9,'__values__'
1.6.5.1,'__values__'
1.6.5.11,'__values__'
1.6.5.3,'__values__'
1.6.5.8,'__values__'
1.6.6.1,'__values__'
1.6.6.10,'__values__'
1.6.6.11,'__values__'
1.6.6.12,'__values__'
1.6.6.13,'__values__'
1.6.6.2,'__values__'
1.6.6.3,'__values__'
1.6.6.4,'__values__'
1.6.6.5,'__values__'
1.6.6.6,'__values__'
1.6.6.7,'__values__'
1.6.6.8,'__values__'
1.6.6.9,'__values__'
1.6.7.1,'__values__'
1.6.7.2,'__values__'
1.6.8.1,'__values__'
1.6.8.2,'__values__'
1.6.99.10,'__values__'
1.6.99.11,'__values__'
1.6.99.12,'__values__'
1.6.99.13,'__values__'
1.6.99.2,'__values__'
1.6.99.4,'__values__'
1.6.99.5,'__values__'
1.6.99.6,'__values__'
1.6.99.7,'__values__'
1.6.99.8,'__values__'
1.6.99.9,'__values__'
1.7.1.8,'__values__'
1.7.3.4,'__values__'
1.7.99.2,'__values__'
1.7.99.3,'__values__'
1.7.99.4,'__values__'
1.7.99.5,'__values__'
1.7.99.6,'__values__'
1.7.99.7,'__values__'
1.7.99.8,'__values__'
1.8.1.1,'__values__'
1.8.3.B2,'__values__'
1.8.4.15,'__values__'
1.8.4.16,'__values__'
1.8.4.5,'__values__'
1.8.4.6,'__values__'
1.8.5.9,'__values__'
1.8.6.1,'__values__'
1.8.99.1,'__values__'
1.8.99.3,'__values__'
1.8.99.4,'__values__'
1.9.3.1,'__values__'
1.9.3.2,'__values__'
1.9.99.1,'__values__'
1.97.1.10,'__values__'
1.97.1.11,'__values__'
1.97.1.3,'__values__'
1.97.1.5,'__values__'
1.97.1.6,'__values__'
1.97.1.7,'__values__'
1.97.1.8,'__values__'
2.1.1.124,'__values__'
2.1.1.125,'__values__'
2.1.1.126,'__values__'
2.1.1.134,'__values__'
2.1.1.135,'__values__'
2.1.1.138,'__values__'
2.1.1.149,'__values__'
2.1.1.194,'__values__'
2.1.1.23,'__values__'
2.1.1.24,'__values__'
2.1.1.29,'__values__'
2.1.1.30,'__values__'
2.1.1.31,'__values__'
2.1.1.32,'__values__'
2.1.1.36,'__values__'
2.1.1.43,'__values__'
2.1.1.48,'__values__'
2.1.1.51,'__values__'
2.1.1.52,'__values__'
2.1.1.58,'__values__'
2.1.1.66,'__values__'
2.1.1.73,'__values__'
2.1.1.81,'__values__'
2.1.1.92,'__values__'
2.1.1.93,'__values__'
2.1.2.6,'__values__'
2.1.3.13,'__values__'
2.1.3.14,'__values__'
2.1.3.4,'__values__'
2.3.1.104,'__values__'
2.3.1.119,'__values__'
2.3.1.120,'__values__'
2.3.1.124,'__values__'
2.3.1.128,'__values__'
2.3.1.154,'__values__'
2.3.1.55,'__values__'
2.3.1.70,'__values__'
2.3.1.88,'__values__'
2.3.1.96,'__values__'
2.3.2.4,'__values__'
2.4.1.107,'__values__'
2.4.1.108,'__values__'
2.4.1.112,'__values__'
2.4.1.119,'__values__'
2.4.1.124,'__values__'
2.4.1.130,'__values__'
2.4.1.151,'__values__'
2.4.1.154,'__values__'
2.4.1.157,'__values__'
2.4.1.163,'__values__'
2.4.1.164,'__values__'
2.4.1.169,'__values__'
2.4.1.200,'__values__'
2.4.1.204,'__values__'
2.4.1.233,'__values__'
2.4.1.235,'__values__'
2.4.1.267,'__values__'
2.4.1.3,'__values__'
2.4.1.307,'__values__'
2.4.1.370,'__values__'
2.4.1.371,'__values__'
2.4.1.42,'__values__'
2.4.1.45,'__values__'
2.4.1.51,'__values__'
2.4.1.55,'__values__'
2.4.1.57,'__values__'
2.4.1.59,'__values__'
2.4.1.6,'__values__'
2.4.1.61,'__values__'
2.4.1.72,'__values__'
2.4.1.75,'__values__'
2.4.1.76,'__values__'
2.4.1.77,'__values__'
2.4.1.84,'__values__'
2.4.1.89,'__values__'
2.4.1.93,'__values__'
2.4.1.95,'__values__'
2.4.1.98,'__values__'
2.4.2.11,'__values__'
2.4.2.13,'__values__'
2.4.2.23,'__values__'
2.4.2.41,'__values__'
2.4.2.B12,'__values__'
2.4.2.B13,'__values__'
2.4.99.10,'__values__'
2.4.99.11,'__values__'
2.5.1.11,'__values__'
2.5.1.12,'__values__'
2.5.1.13,'__values__'
2.5.1.14,'__values__'
2.5.1.33,'__values__'
2.5.1.37,'__values__'
2.5.1.40,'__values__'
2.5.1.64,'__values__'
2.5.1.77,'__values__'
2.5.1.8,'__values__'
2.5.1.99,'__values__'
2.6.1.10,'__values__'
2.6.1.20,'__values__'
2.6.1.25,'__values__'
2.6.1.53,'__values__'
2.6.1.61,'__values__'
2.6.1.68,'__values__'
2.6.1.69,'__values__'
2.6.1.91,'__values__'
2.6.2.1,'__values__'
2.6.99.4,'__values__'
2.7.1.104,'__values__'
2.7.1.109,'__values__'
2.7.1.110,'__values__'
2.7.1.111,'__values__'
2.7.1.112,'__values__'
2.7.1.115,'__values__'
2.7.1.116,'__values__'
2.7.1.117,'__values__'
2.7.1.120,'__values__'
2.7.1.123,'__values__'
2.7.1.124,'__values__'
2.7.1.125,'__values__'
2.7.1.126,'__values__'
2.7.1.128,'__values__'
2.7.1.129,'__values__'
2.7.1.131,'__values__'
2.7.1.132,'__values__'
2.7.1.133,'__values__'
2.7.1.135,'__values__'
2.7.1.139,'__values__'
2.7.1.141,'__values__'
2.7.1.152,'__values__'
2.7.1.155,'__values__'
2.7.1.198,'__values__'
2.7.1.37,'__values__'
2.7.1.38,'__values__'
2.7.1.57,'__values__'
2.7.1.69,'__values__'
2.7.1.70,'__values__'
2.7.1.75,'__values__'
2.7.1.9,'__values__'
2.7.1.96,'__values__'
2.7.1.97,'__values__'
2.7.1.98,'__values__'
2.7.1.99,'__values__'
2.7.2.5,'__values__'
2.7.2.9,'__values__'
2.7.3.11,'__values__'
2.7.3.12,'__values__'
2.7.4.30,'__values__'
2.7.4.5,'__values__'
2.7.5.1,'__values__'
2.7.5.2,'__values__'
2.7.5.3,'__values__'
2.7.5.4,'__values__'
2.7.5.5,'__values__'
2.7.5.6,'__values__'
2.7.5.7,'__values__'
2.7.7.16,'__values__'
2.7.7.17,'__values__'
2.7.7.20,'__values__'
2.7.7.21,'__values__'
2.7.7.25,'__values__'
2.7.7.26,'__values__'
2.7.7.29,'__values__'
2.7.7.54,'__values__'
2.7.7.55,'__values__'
2.7.7.63,'__values__'
2.7.7.94,'__values__'
2.7.7.95,'__values__'
2.7.7.98,'__values__'
2.7.8.16,'__values__'
2.7.8.25,'__values__'
2.7.8.30,'__values__'
2.8.2.12,'__values__'
2.8.3.4,'__values__'
2.8.3.7,'__values__'
3.1.1.110,'__values__'
3.1.1.12,'__values__'
3.1.1.16,'__values__'
3.1.1.18,'__values__'
3.1.1.21,'__values__'
3.1.1.62,'__values__'
3.1.1.69,'__values__'
3.1.1.9,'__values__'
3.1.11.8,'__values__'
3.1.12.2,'__values__'
3.1.2.15,'__values__'
3.1.2.24,'__values__'
3.1.2.26,'__values__'
3.1.2.31,'__values__'
3.1.2.8,'__values__'
3.1.2.9,'__values__'
3.1.22.3,'__values__'
3.1.25.2,'__values__'
3.1.27.1,'__values__'
3.1.27.10,'__values__'
3.1.27.2,'__values__'
3.1.27.3,'__values__'
3.1.27.4,'__values__'
3.1.27.5,'__values__'
3.1.27.6,'__values__'
3.1.27.9,'__values__'
3.1.3.107,'__values__'
3.1.3.13,'__values__'
3.1.3.30,'__values__'
3.1.3.61,'__values__'
3.1.3.65,'__values__'
3.1.3.97,'__values__'
3.1.3.98,'__values__'
3.1.4.10,'__values__'
3.1.4.15,'__values__'
3.1.4.18,'__values__'
3.1.4.19,'__values__'
3.1.4.20,'__values__'
3.1.4.21,'__values__'
3.1.4.22,'__values__'
3.1.4.23,'__values__'
3.1.4.24,'__values__'
3.1.4.25,'__values__'
3.1.4.26,'__values__'
3.1.4.27,'__values__'
3.1.4.28,'__values__'
3.1.4.29,'__values__'
3.1.4.30,'__values__'
3.1.4.31,'__values__'
3.1.4.32,'__values__'
3.1.4.33,'__values__'
3.1.4.34,'__values__'
3.1.4.36,'__values__'
3.1.4.47,'__values__'
3.1.4.5,'__values__'
3.1.4.6,'__values__'
3.1.4.7,'__values__'
3.1.4.9,'__values__'
3.1.6.5,'__values__'
3.1.7.4,'__values__'
3.1.7.7,'__values__'
3.13.1.2,'__values__'
3.2.1.110,'__values__'
3.2.1.12,'__values__'
3.2.1.13,'__values__'
3.2.1.138,'__values__'
3.2.1.148,'__values__'
3.2.1.16,'__values__'
3.2.1.160,'__values__'
3.2.1.19,'__values__'
3.2.1.27,'__values__'
3.2.1.29,'__values__'
3.2.1.30,'__values__'
3.2.1.34,'__values__'
3.2.1.5,'__values__'
3.2.1.69,'__values__'
3.2.1.79,'__values__'
3.2.1.9,'__values__'
3.2.1.90,'__values__'
3.2.2.18,'__values__'
3.2.3.1,'__values__'
3.3.1.3,'__values__'
3.3.2.3,'__values__'
3.3.2.5,'__values__'
3.4.1.1,'__values__'
3.4.1.2,'__values__'
3.4.1.3,'__values__'
3.4.1.4,'__values__'
3.4.11.11,'__values__'
3.4.11.12,'__values__'
3.4.11.8,'__values__'
3.4.13.1,'__values__'
3.4.13.10,'__values__'
3.4.13.11,'__values__'
3.4.13.13,'__values__'
3.4.13.14,'__values__'
3.4.13.15,'__values__'
3.4.13.16,'__values__'
3.4.13.2,'__values__'
3.4.13.3,'__values__'
3.4.13.6,'__values__'
3.4.13.8,'__values__'
3.4.14.3,'__values__'
3.4.14.7,'__values__'
3.4.14.8,'__values__'
3.4.15.2,'__values__'
3.4.15.3,'__values__'
3.4.16.1,'__values__'
3.4.16.3,'__values__'
3.4.17.5,'__values__'
3.4.17.7,'__values__'
3.4.17.9,'__values__'
3.4.19.10,'__values__'
3.4.19.4,'__values__'
3.4.19.8,'__values__'
3.4.2.1,'__values__'
3.4.2.2,'__values__'
3.4.2.3,'__values__'
3.4.21.11,'__values__'
3.4.21.13,'__values__'
3.4.21.14,'__values__'
3.4.21.15,'__values__'
3.4.21.16,'__values__'
3.4.21.17,'__values__'
3.4.21.18,'__values__'
3.4.21.23,'__values__'
3.4.21.24,'__values__'
3.4.21.28,'__values__'
3.4.21.29,'__values__'
3.4.21.30,'__values__'
3.4.21.31,'__values__'
3.4.21.33,'__values__'
3.4.21.40,'__values__'
3.4.21.44,'__values__'
3.4.21.51,'__values__'
3.4.21.52,'__values__'
3.4.21.56,'__values__'
3.4.21.58,'__values__'
3.4.21.8,'__values__'
3.4.21.87,'__values__'
3.4.22.11,'__values__'
3.4.22.12,'__values__'
3.4.22.13,'__values__'
3.4.22.17,'__values__'
3.4.22.18,'__values__'
3.4.22.19,'__values__'
3.4.22.20,'__values__'
3.4.22.21,'__values__'
3.4.22.22,'__values__'
3.4.22.23,'__values__'
3.4.22.4,'__values__'
3.4.22.5,'__values__'
3.4.22.9,'__values__'
3.4.22.B26,'__values__'
3.4.22.B66,'__values__'
3.4.23.10,'__values__'
3.4.23.11,'__values__'
3.4.23.13,'__values__'
3.4.23.14,'__values__'
3.4.23.27,'__values__'
3.4.23.33,'__values__'
3.4.23.37,'__values__'
3.4.23.6,'__values__'
3.4.23.7,'__values__'
3.4.23.8,'__values__'
3.4.23.9,'__values__'
3.4.24.10,'__values__'
3.4.24.2,'__values__'
3.4.24.4,'__values__'
3.4.24.5,'__values__'
3.4.24.8,'__values__'
3.4.24.88,'__values__'
3.4.24.9,'__values__'
3.4.3.1,'__values__'
3.4.3.2,'__values__'
3.4.3.3,'__values__'
3.4.3.4,'__values__'
3.4.3.5,'__values__'
3.4.3.6,'__values__'
3.4.3.7,'__values__'
3.4.4.1,'__values__'
3.4.4.10,'__values__'
3.4.4.11,'__values__'
3.4.4.12,'__values__'
3.4.4.13,'__values__'
3.4.4.14,'__values__'
3.4.4.15,'__values__'
3.4.4.16,'__values__'
3.4.4.17,'__values__'
3.4.4.18,'__values__'
3.4.4.19,'__values__'
3.4.4.2,'__values__'
3.4.4.20,'__values__'
3.4.4.21,'__values__'
3.4.4.22,'__values__'
3.4.4.23,'__values__'
3.4.4.24,'__values__'
3.4.4.25,'__values__'
3.4.4.3,'__values__'
3.4.4.4,'__values__'
3.4.4.5,'__values__'
3.4.4.6,'__values__'
3.4.4.7,'__values__'
3.4.4.8,'__values__'
3.4.4.9,'__values__'
3.4.99.1,'__values__'
3.4.99.10,'__values__'
3.4.99.11,'__values__'
3.4.99.12,'__values__'
3.4.99.13,'__values__'
3.4.99.14,'__values__'
3.4.99.15,'__values__'
3.4.99.16,'__values__'
3.4.99.17,'__values__'
3.4.99.18,'__values__'
3.4.99.19,'__values__'
3.4.99.2,'__values__'
3.4.99.20,'__values__'
3.4.99.21,'__values__'
3.4.99.22,'__values__'
3.4.99.23,'__values__'
3.4.99.24,'__values__'
3.4.99.25,'__values__'
3.4.99.26,'__values__'
3.4.99.27,'__values__'
3.4.99.28,'__values__'
3.4.99.29,'__values__'
3.4.99.3,'__values__'
3.4.99.30,'__values__'
3.4.99.31,'__values__'
3.4.99.32,'__values__'
3.4.99.33,'__values__'
3.4.99.34,'__values__'
3.4.99.35,'__values__'
3.4.99.36,'__values__'
3.4.99.37,'__values__'
3.4.99.38,'__values__'
3.4.99.39,'__values__'
3.4.99.4,'__values__'
3.4.99.40,'__values__'
3.4.99.41,'__values__'
3.4.99.42,'__values__'
3.4.99.43,'__values__'
3.4.99.44,'__values__'
3.4.99.45,'__values__'
3.4.99.46,'__values__'
3.4.99.5,'__values__'
3.4.99.6,'__values__'
3.4.99.7,'__values__'
3.4.99.8,'__values__'
3.4.99.9,'__values__'
3.5.1.120,'__values__'
3.5.1.132,'__values__'
3.5.1.27,'__values__'
3.5.1.34,'__values__'
3.5.1.37,'__values__'
3.5.1.45,'__values__'
3.5.1.80,'__values__'
3.5.2.8,'__values__'
3.5.3.19,'__values__'
3.5.4.14,'__values__'
3.5.5.3,'__values__'
3.5.99.3,'__values__'
3.5.99.4,'__values__'
3.6.1.19,'__values__'
3.6.1.30,'__values__'
3.6.1.32,'__values__'
3.6.1.33,'__values__'
3.6.1.34,'__values__'
3.6.1.35,'__values__'
3.6.1.36,'__values__'
3.6.1.37,'__values__'
3.6.1.38,'__values__'
3.6.1.4,'__values__'
3.6.1.46,'__values__'
3.6.1.47,'__values__'
3.6.1.48,'__values__'
3.6.1.49,'__values__'
3.6.1.50,'__values__'
3.6.1.51,'__values__'
3.6.3.1,'__values__'
3.6.3.10,'__values__'
3.6.3.12,'__values__'
3.6.3.13,'__values__'
3.6.3.14,'__values__'
3.6.3.15,'__values__'
3.6.3.16,'__values__'
3.6.3.17,'__values__'
3.6.3.18,'__values__'
3.6.3.19,'__values__'
3.6.3.2,'__values__'
3.6.3.20,'__values__'
3.6.3.21,'__values__'
3.6.3.22,'__values__'
3.6.3.23,'__values__'
3.6.3.24,'__values__'
3.6.3.25,'__values__'
3.6.3.26,'__values__'
3.6.3.27,'__values__'
3.6.3.28,'__values__'
3.6.3.29,'__values__'
3.6.3.3,'__values__'
3.6.3.30,'__values__'
3.6.3.31,'__values__'
3.6.3.32,'__values__'
3.6.3.33,'__values__'
3.6.3.34,'__values__'
3.6.3.35,'__values__'
3.6.3.36,'__values__'
3.6.3.37,'__values__'
3.6.3.38,'__values__'
3.6.3.39,'__values__'
3.6.3.4,'__values__'
3.6.3.40,'__values__'
3.6.3.41,'__values__'
3.6.3.42,'__values__'
3.6.3.43,'__values__'
3.6.3.44,'__values__'
3.6.3.45,'__values__'
3.6.3.46,'__values__'
3.6.3.47,'__values__'
3.6.3.48,'__values__'
3.6.3.49,'__values__'
3.6.3.5,'__values__'
3.6.3.50,'__values__'
3.6.3.51,'__values__'
3.6.3.52,'__values__'
3.6.3.53,'__values__'
3.6.3.54,'__values__'
3.6.3.55,'__values__'
3.6.3.6,'__values__'
3.6.3.7,'__values__'
3.6.3.8,'__values__'
3.6.3.9,'__values__'
3.6.4.1,'__values__'
3.6.4.11,'__values__'
3.6.4.2,'__values__'
3.6.4.3,'__values__'
3.6.4.4,'__values__'
3.6.4.5,'__values__'
3.6.4.8,'__values__'
3.6.4.9,'__values__'
3.7.1.12,'__values__'
3.7.1.15,'__values__'
3.7.1.16,'__values__'
3.8.1.4,'__values__'
3.8.2.1,'__values__'
4.1.1.10,'__values__'
4.1.1.13,'__values__'
4.1.1.26,'__values__'
4.1.1.27,'__values__'
4.1.1.3,'__values__'
4.1.1.41,'__values__'
4.1.1.70,'__values__'
4.1.1.89,'__values__'
4.1.1.B14,'__values__'
4.1.1.B15,'__values__'
4.1.1.B9,'__values__'
4.1.2.1,'__values__'
4.1.2.15,'__values__'
4.1.2.16,'__values__'
4.1.2.3,'__values__'
4.1.2.30,'__values__'
4.1.2.31,'__values__'
4.1.2.37,'__values__'
4.1.2.39,'__values__'
4.1.2.41,'__values__'
4.1.2.6,'__values__'
4.1.2.7,'__values__'
4.1.3.10,'__values__'
4.1.3.11,'__values__'
4.1.3.12,'__values__'
4.1.3.15,'__values__'
4.1.3.18,'__values__'
4.1.3.19,'__values__'
4.1.3.20,'__values__'
4.1.3.21,'__values__'
4.1.3.23,'__values__'
4.1.3.28,'__values__'
4.1.3.29,'__values__'
4.1.3.31,'__values__'
4.1.3.33,'__values__'
4.1.3.37,'__values__'
4.1.3.5,'__values__'
4.1.3.7,'__values__'
4.1.3.8,'__values__'
4.1.3.9,'__values__'
4.1.99.10,'__values__'
4.1.99.15,'__values__'
4.1.99.18,'__values__'
4.1.99.21,'__values__'
4.1.99.4,'__values__'
4.1.99.6,'__values__'
4.1.99.7,'__values__'
4.1.99.8,'__values__'
4.1.99.9,'__values__'
4.2.1.101,'__values__'
4.2.1.102,'__values__'
4.2.1.13,'__values__'
4.2.1.14,'__values__'
4.2.1.15,'__values__'
4.2.1.16,'__values__'
4.2.1.166,'__values__'
4.2.1.172,'__values__'
4.2.1.173,'__values__'
4.2.1.21,'__values__'
4.2.1.23,'__values__'
4.2.1.26,'__values__'
4.2.1.29,'__values__'
4.2.1.37,'__values__'
4.2.1.38,'__values__'
4.2.1.4,'__values__'
4.2.1.52,'__values__'
4.2.1.58,'__values__'
4.2.1.60,'__values__'
4.2.1.61,'__values__'
4.2.1.63,'__values__'
4.2.1.64,'__values__'
4.2.1.71,'__values__'
4.2.1.72,'__values__'
4.2.1.86,'__values__'
4.2.1.89,'__values__'
4.2.1.B26,'__values__'
4.2.2.4,'__values__'
4.2.3.14,'__values__'
4.2.3.B40,'__values__'
4.2.99.1,'__values__'
4.2.99.10,'__values__'
4.2.99.11,'__values__'
4.2.99.13,'__values__'
4.2.99.14,'__values__'
4.2.99.15,'__values__'
4.2.99.16,'__values__'
4.2.99.17,'__values__'
4.2.99.19,'__values__'
4.2.99.2,'__values__'
4.2.99.3,'__values__'
4.2.99.4,'__values__'
4.2.99.5,'__values__'
4.2.99.6,'__values__'
4.2.99.7,'__values__'
4.2.99.8,'__values__'
4.2.99.9,'__values__'
4.3.1.11,'__values__'
4.3.1.21,'__values__'
4.3.1.26,'__values__'
4.3.1.8,'__values__'
4.3.99.1,'__values__'
4.3.99.2,'__values__'
4.4.1.12,'__values__'
4.4.1.18,'__values__'
4.4.1.27,'__values__'
4.4.1.6,'__values__'
4.4.1.7,'__values__'
4.6.1.10,'__values__'
4.6.1.11,'__values__'
4.6.1.3,'__values__'
4.6.1.4,'__values__'
4.6.1.5,'__values__'
4.6.1.7,'__values__'
4.6.1.8,'__values__'
4.6.1.9,'__values__'
5.1.3.39,'__values__'
5.1.3.B1,'__values__'
5.2.1.11,'__values__'
5.2.1.3,'__values__'
5.2.1.7,'__values__'
5.3.1.10,'__values__'
5.3.1.11,'__values__'
5.3.1.18,'__values__'
5.3.1.19,'__values__'
5.3.1.2,'__values__'
5.3.1.35,'__values__'
5.3.3.15,'__values__'
5.3.3.20,'__values__'
5.3.99.1,'__values__'
5.4.1.2,'__values__'
5.4.1.4,'__values__'
5.4.2.1,'__values__'
5.4.3.1,'__values__'
5.4.99.10,'__values__'
5.4.99.6,'__values__'
5.4.99.67,'__values__'
5.5.1.21,'__values__'
6.1.1.25,'__values__'
6.1.1.8,'__values__'
6.2.1.21,'__values__'
6.2.1.29,'__values__'
6.2.1.57,'__values__'
6.3.1.16,'__values__'
6.3.1.3,'__values__'
6.3.2.15,'__values__'
6.3.2.19,'__values__'
6.3.2.21,'__values__'
6.3.2.22,'__values__'
6.3.2.27,'__values__'
6.3.2.28,'__values__'
6.3.2.40,'__values__'
6.3.2.B1,'__values__'
6.3.2.B12,'__values__'
6.3.4.1,'__values__'
6.3.5.8,'__values__'
6.6.99.99,'__values__'
